date,lat,lon,cofire,ch4fire,nmhcfire,noxfire,pm2p5fire,crfire,ch3ohfire,c2h5ohfire,c3h8fire,c2h4fire,c3h6fire,c5h8fire,terpenesfire,toluenefire,hialkenesfire,hialkanesfire,ch2ofire,c2h4ofire,c3h6ofire,c2h6fire,c2h6sfire,c7h8fire,c6h6fire,c8h10fire,c4h8fire,c5h10fire,c6h12fire,c8h16fire,c4h10fire,c5h12fire,c6h14fire,c7h16fire,alkanes_light_alkanes_c2_c3,alkanes_medium_alkanes_c4_c6,alkanes_higher_alkanes_c>4,alkanes_total,alkenes_light_alkenes_c2_c4,alkenes_medium_alkenes_c5_c8,alkenes_higher_alkenes_c>4,alkenes_total,isoprene_isoprene,isoprene_total,aromatics_benzene,aromatics_toluene,aromatics_xylene,aromatics_total,ovocs_aldehydes,ovocs_ketones,ovocs_alcohols,ovocs_total,terpenes_monoterpenes,terpenes_total,other_carbon_monoxide,other_nox,other_particulate_matter,other_non_methane_hydrocarbons,other_dms,other_combustion_rate,other_total,mami,apt,other_mean_altitude_of_maximum_injection,other_altitude_of_plume_top
2020-09-06,3.170000e+01,-9.409999e+01,8.761380e-10,3.976661e-11,4.721891e-11,2.826610e-11,1.065717e-10,8.047847e-09,1.567074e-11,1.416421e-13,2.199579e-12,9.793903e-12,4.603515e-12,8.365491e-13,1.848548e-12,8.163661e-12,3.931174e-12,2.374808e-12,1.788618e-11,7.808815e-12,5.582998e-12,5.945735e-12,6.494102e-13,3.345980e-12,4.415100e-12,4.025801e-13,2.348246e-12,7.619970e-13,7.590390e-13,4.345837e-14,1.065800e-12,6.225466e-13,4.293314e-13,2.639598e-13,4.791192e-11,2.381637e-12,2.374808e-12,5.266837e-11,1.674566e-11,1.564494e-12,3.931174e-12,2.224133e-11,8.365491e-13,8.365491e-13,4.415100e-12,1.150964e-11,4.025801e-13,1.632732e-11,2.569499e-11,5.582998e-12,1.581238e-11,4.709037e-11,1.848548e-12,1.848548e-12,8.761380e-10,2.826610e-11,1.065717e-10,4.721891e-11,6.494102e-13,8.047847e-09,9.106691e-09,,,,
2020-09-06,3.230000e+01,-1.019000e+02,1.218975e-09,4.495356e-11,6.774887e-11,4.301364e-11,9.730457e-11,1.990783e-08,2.929747e-11,3.503778e-13,1.799656e-12,1.703287e-11,6.795666e-12,5.019295e-13,3.214867e-13,9.583428e-12,6.324062e-12,2.684565e-12,1.399788e-11,9.977931e-12,9.709561e-12,6.462755e-12,3.092429e-14,3.491458e-12,5.566866e-12,2.975592e-13,3.267124e-12,1.225821e-12,1.783742e-12,1.134746e-13,5.097303e-13,2.977396e-13,1.441327e-12,3.902014e-13,5.321597e-11,2.638998e-12,2.684565e-12,5.853953e-11,2.709566e-11,3.123037e-12,6.324062e-12,3.654277e-11,5.019295e-13,5.019295e-13,5.566866e-12,1.307488e-11,2.975592e-13,1.893931e-11,2.397581e-11,9.709561e-12,2.964785e-11,6.333323e-11,3.214867e-13,3.214867e-13,1.218975e-09,4.301364e-11,9.730457e-11,6.774887e-11,3.092429e-14,1.990783e-08,2.133491e-08,,,,
2020-09-06,3.270000e+01,-9.590001e+01,7.618591e-10,2.766373e-11,4.311292e-11,2.703714e-11,6.023616e-11,1.270713e-08,1.839609e-11,2.236454e-13,9.998086e-13,1.064555e-11,4.384301e-12,3.346196e-13,1.607433e-13,6.034010e-12,3.931174e-12,1.652040e-12,8.554259e-12,6.073523e-12,6.068476e-12,4.136163e-12,,2.182161e-12,3.455296e-12,1.925383e-13,2.041953e-12,7.619970e-13,1.138559e-12,7.243062e-14,3.243738e-13,1.894707e-13,9.199960e-13,2.410067e-13,3.279970e-11,1.674847e-12,1.652040e-12,3.612659e-11,1.707180e-11,1.972986e-12,3.931174e-12,2.297596e-11,3.346196e-13,3.346196e-13,3.455296e-12,8.216171e-12,1.925383e-13,1.186401e-11,1.462778e-11,6.068476e-12,1.861973e-11,3.931599e-11,1.607433e-13,1.607433e-13,7.618591e-10,2.703714e-11,6.023616e-11,4.311292e-11,,1.270713e-08,1.359937e-08,,,,
2020-09-06,3.270000e+01,-1.167000e+02,2.388047e-07,8.707159e-09,1.324593e-08,8.250015e-09,1.917827e-08,3.883722e-06,5.708919e-09,6.835350e-11,3.359357e-10,3.263924e-09,1.321647e-09,9.980031e-11,5.593868e-11,1.822981e-09,1.234730e-09,5.154365e-10,2.746695e-09,1.929211e-09,1.875645e-09,1.255584e-09,4.298477e-12,6.870897e-10,1.077284e-09,5.825159e-11,6.253480e-10,2.392339e-10,3.479814e-10,2.213721e-11,1.001852e-10,5.865471e-11,2.811814e-10,7.573349e-11,1.029868e-08,5.157548e-10,5.154365e-10,1.132987e-08,5.210920e-09,6.093526e-10,1.234730e-09,7.055003e-09,9.980031e-11,9.980031e-11,1.077284e-09,2.510071e-09,5.825159e-11,3.645606e-09,4.675906e-09,1.875645e-09,5.777272e-09,1.232882e-08,5.593868e-11,5.593868e-11,2.388047e-07,8.250015e-09,1.917827e-08,1.324593e-08,4.298477e-12,3.883722e-06,2.250222e+02,1.000196e+02,1.250027e+02,1.000196e+02,1.250027e+02
2020-09-06,3.370000e+01,-1.097000e+02,8.380451e-10,3.803763e-11,4.516592e-11,2.703714e-11,1.019381e-10,8.047847e-09,1.498941e-11,1.416421e-13,2.199579e-12,9.368083e-12,4.603516e-12,7.947217e-13,1.768177e-12,7.808719e-12,3.760254e-12,2.271555e-12,1.710852e-11,7.808816e-12,5.340259e-12,5.687225e-12,6.494102e-13,3.200503e-12,4.223139e-12,3.850767e-13,2.246148e-12,7.288667e-13,7.210870e-13,4.104402e-14,1.019461e-12,5.954793e-13,3.986649e-13,2.524832e-13,4.592444e-11,2.266088e-12,2.271555e-12,5.046208e-11,1.621775e-11,1.490998e-12,3.760254e-12,2.146900e-11,7.947217e-13,7.947217e-13,4.223139e-12,1.100922e-11,3.850767e-13,1.561744e-11,2.491733e-11,5.340259e-12,1.513105e-11,4.538864e-11,1.768177e-12,1.768177e-12,8.380451e-10,2.703714e-11,1.019381e-10,4.516592e-11,6.494102e-13,8.047847e-09,1.795437e+03,1.318169e+03,4.772679e+02,1.318169e+03,4.772679e+02
2020-09-06,3.390000e+01,-9.450000e+01,9.142310e-10,3.285068e-11,5.132490e-11,3.195299e-11,7.413681e-11,1.482498e-08,2.180277e-11,2.609196e-13,1.199770e-12,1.234883e-11,5.041946e-12,3.764471e-13,2.411150e-13,7.098835e-12,4.614856e-12,1.961797e-12,1.010958e-11,7.374993e-12,7.039432e-12,4.653184e-12,3.092429e-14,2.618593e-12,4.031179e-12,2.275453e-13,2.348246e-12,8.945182e-13,1.328318e-12,8.450239e-14,3.707129e-13,2.165379e-13,1.073329e-12,2.869128e-13,3.870363e-11,1.947492e-12,1.961797e-12,4.261292e-11,1.973902e-11,2.307339e-12,4.614856e-12,2.666122e-11,3.764471e-13,3.764471e-13,4.031179e-12,9.717428e-12,2.275453e-13,1.397615e-11,1.748457e-11,7.039432e-12,2.206369e-11,4.658770e-11,2.411150e-13,2.411150e-13,9.142310e-10,3.195299e-11,7.413681e-11,5.132490e-11,3.092429e-14,1.482498e-08,1.589666e-08,,,,
2020-09-06,3.390000e+01,-1.111000e+02,6.437709e-09,2.351417e-10,3.572213e-10,2.224420e-10,5.143241e-10,1.046220e-07,1.533007e-10,1.841347e-12,8.998276e-12,8.771930e-11,3.551283e-11,2.676957e-12,1.527062e-12,4.898196e-11,3.315859e-11,1.383583e-11,7.387768e-11,5.205877e-11,5.048971e-11,3.386484e-11,1.236972e-13,1.847563e-11,2.898609e-11,1.575313e-12,1.684611e-11,6.427279e-12,9.374132e-12,5.963455e-13,2.687669e-12,1.569900e-12,7.574634e-12,2.042819e-12,2.780048e-10,1.387502e-11,1.383583e-11,3.057156e-10,1.400782e-10,1.639776e-11,3.315859e-11,1.896346e-10,2.676957e-12,2.676957e-12,2.898609e-11,6.745760e-11,1.575313e-12,9.801900e-11,1.259365e-10,5.048971e-11,1.551421e-10,3.315682e-10,1.527062e-12,1.527062e-12,6.437709e-09,2.224420e-10,5.143241e-10,3.572213e-10,1.236972e-13,1.046220e-07,1.000010e+03,6.818318e+02,3.181786e+02,6.818318e+02,3.181786e+02
2020-09-06,3.410000e+01,-1.171000e+02,2.990297e-08,1.090988e-09,1.658821e-09,1.032327e-09,2.400179e-09,4.862594e-07,7.147221e-10,8.558165e-12,4.199197e-11,4.087890e-10,1.655074e-10,1.250641e-11,6.992335e-12,2.282275e-10,1.545122e-10,6.453282e-11,3.437257e-10,2.416395e-10,2.347286e-10,1.571742e-10,5.257130e-13,8.597714e-11,1.349485e-10,7.298952e-12,7.830889e-11,2.994980e-11,4.356884e-11,2.771678e-12,1.255790e-11,7.335223e-12,3.520518e-11,9.479598e-12,1.290155e-09,6.457790e-11,6.453282e-11,1.419265e-09,6.526052e-10,7.629031e-11,1.545122e-10,8.834077e-10,1.250641e-11,1.250641e-11,1.349485e-10,3.142047e-10,7.298952e-12,4.564521e-10,5.853651e-10,2.347286e-10,7.232803e-10,1.543374e-09,6.992335e-12,6.992335e-12,2.990297e-08,1.032327e-09,2.400179e-09,1.658821e-09,5.257130e-13,4.862594e-07,3.500369e+02,2.000391e+02,1.499977e+02,2.000391e+02,1.499977e+02
2020-09-06,3.410000e+01,-1.169000e+02,4.765429e-08,1.737628e-09,2.642206e-09,1.645579e-09,3.827313e-09,7.751347e-07,1.139195e-09,1.364237e-11,6.698718e-11,6.510816e-10,2.637157e-10,1.990987e-11,1.117166e-11,3.638153e-10,2.462966e-10,1.028395e-10,5.482502e-10,3.848011e-10,3.743036e-10,2.504964e-10,8.658802e-13,1.370397e-10,2.149962e-10,1.162231e-11,1.247633e-10,4.774077e-11,6.945207e-11,4.418268e-12,1.997216e-11,1.169305e-11,5.611975e-11,1.511456e-11,2.055112e-09,1.028995e-10,1.028395e-10,2.260851e-09,1.039561e-09,1.216111e-10,2.462966e-10,1.407468e-09,1.990987e-11,1.990987e-11,2.149962e-10,5.008550e-10,1.162231e-11,7.274735e-10,9.330513e-10,3.743036e-10,1.152837e-09,2.460192e-09,1.117166e-11,1.117166e-11,4.765429e-08,1.645579e-09,3.827313e-09,2.642206e-09,8.658802e-13,7.751347e-07,3.181568e+02,1.817828e+02,1.363740e+02,1.817828e+02,1.363740e+02
2020-09-06,3.490000e+01,-9.509999e+01,1.142789e-09,5.186949e-11,6.158989e-11,3.686883e-11,1.390065e-10,1.101284e-08,2.044010e-11,1.938260e-13,2.999426e-12,1.277466e-11,6.357236e-12,1.129341e-12,2.411150e-12,1.064825e-11,5.127618e-12,3.097575e-12,2.332980e-11,1.084558e-11,7.282171e-12,7.755306e-12,8.968045e-13,4.364322e-12,5.758826e-12,5.251045e-13,3.062929e-12,9.939091e-13,1.024703e-12,5.794449e-14,1.390174e-12,8.120172e-13,5.519976e-13,3.442953e-13,6.262423e-11,3.098484e-12,3.097575e-12,6.882029e-11,2.219482e-11,2.076556e-12,5.127618e-12,2.939899e-11,1.129341e-12,1.129341e-12,5.758826e-12,1.501257e-11,5.251045e-13,2.129650e-11,3.417537e-11,7.282171e-12,2.063392e-11,6.209147e-11,2.411150e-12,2.411150e-12,1.142789e-09,3.686883e-11,1.390065e-10,6.158989e-11,8.968045e-13,1.101284e-08,1.239399e-08,,,,
2020-09-06,3.570000e+01,-9.809999e+01,6.856732e-10,2.420576e-11,3.695393e-11,2.457922e-11,5.560261e-11,1.143641e-08,1.635208e-11,2.012809e-13,9.998087e-13,9.368080e-12,3.945871e-12,2.927922e-13,1.607433e-13,5.324127e-12,3.589333e-12,1.445535e-12,8.554259e-12,5.639700e-12,5.340259e-12,3.619143e-12,,2.036684e-12,3.071374e-12,1.575314e-13,1.837757e-12,6.957364e-13,1.024703e-12,6.518756e-14,2.780347e-13,1.624034e-13,8.279964e-13,2.180537e-13,2.882472e-11,1.486488e-12,1.445535e-12,3.175674e-11,1.515171e-11,1.785627e-12,3.589333e-12,2.052667e-11,2.927922e-13,2.927922e-13,3.071374e-12,7.360810e-12,1.575314e-13,1.058972e-11,1.419396e-11,5.340259e-12,1.655336e-11,3.608758e-11,1.607433e-13,1.607433e-13,6.856732e-10,2.457922e-11,5.560261e-11,3.695393e-11,,1.143641e-08,4.318049e+02,1.590843e+02,2.727206e+02,1.590843e+02,2.727206e+02
2020-09-06,3.610000e+01,-1.185000e+02,8.628054e-08,3.916147e-09,4.650036e-09,2.783597e-09,1.049499e-08,8.174918e-07,1.543227e-09,1.438786e-11,2.207577e-10,9.644865e-10,4.689010e-10,8.398954e-11,1.820418e-10,8.039431e-10,3.871352e-10,2.338669e-10,1.761400e-09,8.008375e-10,5.498039e-10,5.855256e-10,6.633261e-11,3.295063e-10,4.347914e-10,3.964539e-11,2.312511e-10,7.504014e-11,7.643523e-11,4.333765e-12,1.049581e-10,6.130730e-11,4.167582e-11,2.599430e-11,4.722430e-09,2.339355e-10,2.338669e-10,5.190232e-09,1.664639e-09,1.558091e-10,3.871352e-10,2.207583e-09,8.398954e-11,8.398954e-11,4.347914e-10,1.133449e-09,3.964539e-11,1.607886e-09,2.562237e-09,5.498039e-10,1.557615e-09,4.669656e-09,1.820418e-10,1.820418e-10,8.628054e-08,2.783597e-09,1.049499e-08,4.650036e-09,6.633261e-11,8.174918e-07,5.119920e+03,2.728060e+03,2.391861e+03,2.728060e+03,2.391861e+03
2020-09-06,3.610000e+01,-1.183000e+02,1.287542e-08,5.843963e-10,6.939127e-10,4.153888e-10,1.566140e-09,1.219884e-07,2.302918e-10,2.146996e-12,3.299368e-11,1.439278e-10,6.992960e-11,1.254824e-11,2.716562e-11,1.199703e-10,5.777116e-11,3.489935e-11,2.628490e-10,1.197352e-10,8.204579e-11,8.737645e-11,9.895774e-12,4.917136e-11,6.488278e-11,5.916177e-12,3.450900e-11,1.119804e-11,1.142354e-11,6.470469e-13,1.566262e-11,9.148728e-12,6.225306e-12,3.879061e-12,7.047664e-10,3.491572e-11,3.489935e-11,7.745815e-10,2.483664e-10,2.326862e-11,5.777116e-11,3.294062e-10,1.254824e-11,1.254824e-11,6.488278e-11,1.691417e-10,5.916177e-12,2.399407e-10,3.825842e-10,8.204579e-11,2.324388e-10,6.970687e-10,2.716562e-11,2.716562e-11,1.287542e-08,4.153888e-10,1.566140e-09,6.939127e-10,9.895774e-12,1.219884e-07,4.760727e+02,3.125062e+02,1.635665e+02,3.125062e+02,1.635665e+02
2020-09-06,3.610000e+01,-1.215000e+02,1.038033e-07,3.784745e-09,5.756601e-09,3.586108e-09,8.335758e-09,1.687930e-06,2.482110e-09,2.970757e-11,1.459721e-10,1.418838e-09,5.743434e-10,4.337507e-11,2.427224e-11,7.922301e-10,5.366907e-10,2.239547e-10,1.193708e-09,8.385800e-10,8.151176e-10,5.459735e-10,1.855458e-12,2.985197e-10,4.683846e-10,2.531004e-11,2.716818e-10,1.039960e-10,1.512385e-10,9.621200e-12,4.355877e-11,2.549734e-11,1.222061e-10,3.291463e-11,4.476690e-09,2.241769e-10,2.239547e-10,4.924821e-09,2.264863e-09,2.648557e-10,5.366907e-10,3.066410e-09,4.337507e-11,4.337507e-11,4.683846e-10,1.090750e-09,2.531004e-11,1.584444e-09,2.032288e-09,8.151176e-10,2.511817e-09,5.359222e-09,2.427224e-11,2.427224e-11,1.038033e-07,3.586108e-09,8.335758e-09,5.756601e-09,1.855458e-12,1.687930e-06,1.164530e+03,4.921086e+02,6.724215e+02,4.921086e+02,6.724215e+02
2020-09-06,3.630000e+01,-1.185000e+02,6.475803e-08,2.939272e-09,3.490093e-09,2.089234e-09,7.877036e-09,6.137541e-07,1.158272e-09,1.080207e-11,1.657683e-10,7.238971e-10,3.520593e-10,6.303399e-11,1.366318e-10,6.034010e-10,2.905651e-10,1.755292e-10,1.322022e-09,6.012788e-10,4.126563e-10,4.394674e-10,4.975718e-11,2.473116e-10,3.263335e-10,2.975592e-11,1.735660e-10,5.632151e-11,5.738335e-11,3.252135e-12,7.877650e-11,4.601431e-11,3.127986e-11,1.951007e-11,3.544507e-09,1.755807e-10,1.755292e-10,3.895617e-09,1.249522e-09,1.169570e-10,2.905651e-10,1.657045e-09,6.303399e-11,6.303399e-11,3.263335e-10,8.507126e-10,2.975592e-11,1.206802e-09,1.923301e-09,4.126563e-10,1.169074e-09,3.505031e-09,1.366318e-10,1.366318e-10,6.475803e-08,2.089234e-09,7.877036e-09,3.490093e-09,4.975718e-11,6.137541e-07,2.879831e+03,1.215985e+03,1.663846e+03,1.215985e+03,1.663846e+03
2020-09-06,3.630000e+01,-1.183000e+02,1.790369e-09,8.126223e-11,9.649082e-11,5.776117e-11,2.177769e-10,1.694283e-08,3.202282e-11,2.981939e-13,4.599121e-12,2.001363e-11,9.645462e-12,1.756753e-12,3.777468e-12,1.668226e-11,8.033268e-12,4.852868e-12,3.655002e-11,1.648528e-11,1.140873e-11,1.214998e-11,1.360669e-12,6.837439e-12,9.022163e-12,8.226638e-13,4.798589e-12,1.557124e-12,1.593982e-12,8.933110e-14,2.177939e-12,1.272160e-12,8.586629e-13,5.393960e-13,9.801133e-11,4.848157e-12,4.852868e-12,1.077124e-10,3.445768e-11,3.240437e-12,8.033268e-12,4.573138e-11,1.756753e-12,1.756753e-12,9.022163e-12,2.351970e-11,8.226638e-13,3.336453e-11,5.303529e-11,1.140873e-11,3.232102e-11,9.676504e-11,3.777468e-12,3.777468e-12,1.790369e-09,5.776117e-11,2.177769e-10,9.649082e-11,1.360669e-12,1.694283e-08,9.007341e+02,5.590162e+02,3.417179e+02,5.590162e+02,3.417179e+02
2020-09-06,3.650000e+01,-1.185000e+02,2.525563e-08,1.146316e-09,1.361136e-09,8.148011e-10,3.072044e-09,2.393175e-07,4.517262e-10,4.211989e-12,6.458764e-11,2.823199e-10,1.372286e-10,2.459455e-11,5.328641e-11,2.353264e-10,1.133204e-10,6.845641e-11,5.155885e-10,2.342645e-10,1.609360e-10,1.713923e-10,1.942045e-11,9.645151e-11,1.272700e-10,1.160481e-11,6.769073e-11,2.196539e-11,2.239165e-11,1.269950e-12,3.072283e-11,1.794558e-11,1.220528e-11,7.608927e-12,1.382296e-09,6.848262e-11,6.845641e-11,1.519235e-09,4.872392e-10,4.562699e-11,1.133204e-10,6.461866e-10,2.459455e-11,2.459455e-11,1.272700e-10,3.317779e-10,1.160481e-11,4.706528e-10,7.498530e-10,1.609360e-10,4.559381e-10,1.366727e-09,5.328641e-11,5.328641e-11,2.525563e-08,8.148011e-10,3.072044e-09,1.361136e-09,1.942045e-11,2.393175e-07,2.025583e+03,1.474373e+03,5.512093e+02,1.474373e+03,5.512093e+02
2020-09-06,3.670000e+01,-1.185000e+02,1.001845e-08,3.665444e-10,5.563620e-10,3.465670e-10,8.062379e-10,1.630748e-07,2.398305e-10,2.870116e-12,1.419728e-11,1.371146e-10,5.546140e-11,4.182746e-12,2.330778e-12,7.666742e-11,5.178894e-11,2.168303e-11,1.150937e-10,8.112492e-11,7.889018e-11,5.273608e-11,1.855458e-13,2.880452e-11,4.530277e-11,2.450488e-12,2.623909e-11,1.003848e-11,1.461150e-11,9.295263e-13,4.216860e-12,2.463119e-12,1.180661e-11,3.178993e-12,4.334778e-10,2.166559e-11,2.168303e-11,4.768264e-10,2.188151e-10,2.557951e-11,5.178894e-11,2.961836e-10,4.182746e-12,4.182746e-12,4.530277e-11,1.054720e-10,2.450488e-12,1.532252e-10,1.962186e-10,7.889018e-11,2.427006e-10,5.178094e-10,2.330778e-12,2.330778e-12,1.001845e-08,3.465670e-10,8.062379e-10,5.563620e-10,1.855458e-13,1.630748e-07,1.748026e-07,,,,
2020-09-06,3.710000e+01,-9.809999e+01,1.599904e-09,1.469636e-10,1.724517e-10,3.932675e-11,1.436401e-10,1.736641e-08,6.472698e-11,3.056487e-13,2.799464e-12,2.299438e-11,9.864677e-12,6.985185e-12,8.037166e-14,9.583428e-12,4.956697e-12,7.021170e-12,3.655002e-11,4.815436e-11,1.966186e-11,2.145635e-11,3.092429e-14,3.200503e-12,5.374905e-12,1.155230e-12,3.471320e-12,8.613879e-13,4.933754e-13,5.794449e-14,5.560694e-13,1.028555e-12,4.262648e-12,1.216510e-12,1.712194e-10,7.063782e-12,7.021170e-12,1.853043e-10,3.633038e-11,1.412708e-12,4.956697e-12,4.269978e-11,6.985185e-12,6.985185e-12,5.374905e-12,1.278393e-11,1.155230e-12,1.931407e-11,8.470438e-11,1.966186e-11,6.503263e-11,1.693989e-10,8.037166e-14,8.037166e-14,1.599904e-09,3.932675e-11,1.436401e-10,1.724517e-10,3.092429e-14,1.736641e-08,1.977220e+03,1.499952e+03,4.772679e+02,1.499952e+03,4.772679e+02
2020-09-06,3.710000e+01,-1.193000e+02,1.197643e-07,5.435923e-09,6.454620e-09,3.863853e-09,1.456788e-08,1.134746e-06,2.142122e-09,1.997154e-11,3.065413e-10,1.338784e-09,6.504110e-10,1.164895e-10,2.526885e-10,1.115937e-09,5.373744e-10,3.246259e-10,2.444963e-09,1.111021e-09,7.631715e-10,8.127561e-10,9.203070e-11,4.573809e-10,6.035250e-10,5.503095e-11,3.209950e-10,1.041617e-10,1.060757e-10,6.014156e-12,1.456902e-10,8.509941e-11,5.786775e-11,3.608215e-11,6.555221e-09,3.247395e-10,3.246259e-10,7.204586e-09,2.310190e-09,2.162515e-10,5.373744e-10,3.063816e-09,1.164895e-10,1.164895e-10,6.035250e-10,1.573318e-09,5.503095e-11,2.231874e-09,3.555984e-09,7.631715e-10,2.162094e-09,6.481248e-09,2.526885e-10,2.526885e-10,1.197643e-07,3.863853e-09,1.456788e-08,6.454620e-09,9.203070e-11,1.134746e-06,6.682085e+02,2.386509e+02,4.295576e+02,2.386509e+02,4.295576e+02
2020-09-06,3.730000e+01,-1.193000e+02,1.109305e-06,5.034972e-08,5.978530e-08,3.578858e-08,1.349336e-07,1.050964e-05,1.984120e-08,1.849697e-10,2.838857e-09,1.240036e-08,6.026440e-09,1.079316e-09,2.340503e-09,1.033626e-08,4.977379e-09,3.006816e-09,2.264623e-08,1.029202e-08,7.068804e-09,7.528076e-09,8.523353e-10,4.236448e-09,5.590093e-09,5.097188e-10,2.973185e-09,9.647876e-10,9.826140e-10,5.569915e-11,1.349441e-09,7.882252e-10,5.359896e-10,3.342074e-10,6.071665e-08,3.007863e-09,3.006816e-09,6.673133e-08,2.139998e-08,2.003101e-09,4.977379e-09,2.838046e-08,1.079316e-09,1.079316e-09,5.590093e-09,1.457271e-08,5.097188e-10,2.067252e-08,3.293825e-08,7.068804e-09,2.002617e-08,6.003323e-08,2.340503e-09,2.340503e-09,1.109305e-06,3.578858e-08,1.349336e-07,5.978530e-08,8.523353e-10,1.050964e-05,2.748903e+03,8.193404e+02,1.929562e+03,8.193404e+02,1.929562e+03
2020-09-06,3.730000e+01,-1.195000e+02,1.203737e-07,5.463586e-09,6.487467e-09,3.883517e-09,1.464202e-08,1.140676e-06,2.153023e-09,2.007590e-11,3.079411e-10,1.345597e-09,6.539185e-10,1.171169e-10,2.539745e-10,1.121616e-09,5.401092e-10,3.262779e-10,2.457405e-09,1.117094e-09,7.670554e-10,8.168923e-10,9.249456e-11,4.597085e-10,6.065963e-10,5.531101e-11,3.226285e-10,1.046918e-10,1.066450e-10,6.045543e-12,1.464316e-10,8.553248e-11,5.817441e-11,3.626577e-11,6.588420e-09,3.264043e-10,3.262779e-10,7.241102e-09,2.322144e-09,2.173823e-10,5.401092e-10,3.079636e-09,1.171169e-10,1.171169e-10,6.065963e-10,1.581324e-09,5.531101e-11,2.243232e-09,3.574500e-09,7.670554e-10,2.173099e-09,6.514655e-09,2.539745e-10,2.539745e-10,1.203737e-07,3.883517e-09,1.464202e-08,6.487467e-09,9.249456e-11,1.140676e-06,1.150011e+03,4.750075e+02,6.750034e+02,4.750075e+02,6.750034e+02
2020-09-06,3.730000e+01,-1.215000e+02,9.256588e-09,3.371517e-10,5.132491e-10,3.195299e-10,7.413681e-10,1.503677e-07,2.214344e-10,2.646471e-12,1.299751e-11,1.264691e-10,5.129632e-11,3.848126e-12,2.170035e-12,7.063341e-11,4.785777e-11,1.992773e-11,1.065394e-10,7.461757e-11,7.257897e-11,4.859992e-11,1.546215e-13,2.662236e-11,4.165551e-11,2.257949e-12,2.419714e-11,9.276485e-12,1.347294e-11,8.570956e-13,3.892486e-12,2.273648e-12,1.088662e-11,2.937987e-12,3.987492e-10,1.999074e-11,1.992773e-11,4.386676e-10,2.019625e-10,2.360652e-11,4.785777e-11,2.734268e-10,3.848126e-12,3.848126e-12,4.165551e-11,9.725577e-11,2.257949e-12,1.411692e-10,1.811570e-10,7.257897e-11,2.240809e-10,4.778168e-10,2.170035e-12,2.170035e-12,9.256588e-09,3.195299e-10,7.413681e-10,5.132491e-10,1.546215e-13,1.503677e-07,1.611985e-07,,,,
2020-09-06,3.750000e+01,-1.193000e+02,4.647341e-09,2.109359e-10,2.504655e-10,1.499332e-10,5.652932e-10,4.405137e-08,8.312306e-11,7.753041e-13,1.179774e-11,5.195026e-11,2.520973e-11,4.517365e-12,9.805343e-12,4.330290e-11,2.085231e-11,1.259681e-11,9.487450e-11,4.294849e-11,2.961416e-11,3.153824e-11,3.556293e-12,1.774824e-11,2.341923e-11,2.135425e-12,1.245591e-11,4.041897e-12,4.098811e-12,2.317780e-13,5.653372e-12,3.302204e-12,2.238657e-12,1.400134e-12,2.542719e-10,1.259437e-11,1.259681e-11,2.794631e-10,8.961590e-11,8.372486e-12,2.085231e-11,1.188407e-10,4.517365e-12,4.517365e-12,2.341923e-11,6.105114e-11,2.135425e-12,8.660579e-11,1.378230e-10,2.961416e-11,8.389837e-11,2.513355e-10,9.805343e-12,9.805343e-12,4.647341e-09,1.499332e-10,5.652932e-10,2.504655e-10,3.556293e-12,4.405137e-08,4.966796e-08,,,,
2020-09-06,3.790000e+01,-1.197000e+02,1.599904e-09,7.261729e-11,8.622584e-11,5.161636e-11,1.946091e-10,1.524855e-08,2.861613e-11,2.683745e-13,4.199197e-12,1.788452e-11,8.768600e-12,1.547616e-12,3.375610e-12,1.490755e-11,7.178665e-12,4.336605e-12,3.266171e-11,1.474998e-11,1.019504e-11,1.085743e-11,1.236972e-12,6.110050e-12,8.062356e-12,7.351462e-13,4.288101e-12,1.391473e-12,1.404222e-12,7.967368e-14,1.946243e-12,1.136824e-12,7.666633e-13,4.820135e-13,8.767392e-11,4.331744e-12,4.336605e-12,9.634227e-11,3.094122e-11,2.875369e-12,7.178665e-12,4.099525e-11,1.547616e-12,1.547616e-12,8.062356e-12,2.101760e-11,7.351462e-13,2.981511e-11,4.741170e-11,1.019504e-11,2.888451e-11,8.649124e-11,3.375610e-12,3.375610e-12,1.599904e-09,5.161636e-11,1.946091e-10,8.622584e-11,1.236972e-12,1.524855e-08,9.318372e+02,6.818318e+02,2.500053e+02,6.818318e+02,2.500053e+02
2020-09-06,3.810000e+01,-9.850000e+01,3.047436e-10,1.210288e-11,1.847696e-11,1.106065e-11,2.780130e-11,5.082851e-09,7.494703e-12,8.945817e-14,3.999235e-13,4.258218e-12,1.753720e-12,1.254824e-13,8.037166e-14,2.484592e-12,1.709206e-12,7.227675e-13,3.888299e-12,2.602938e-12,2.427390e-12,1.551061e-12,,8.728644e-13,1.343726e-12,7.001393e-14,8.167811e-13,3.313030e-13,4.554234e-13,2.897225e-14,1.390174e-13,8.120172e-14,3.679984e-13,1.032886e-13,1.405387e-11,6.915060e-13,7.227675e-13,1.546814e-11,6.828719e-12,8.156987e-13,1.709206e-12,9.353624e-12,1.254824e-13,1.254824e-13,1.343726e-12,3.357457e-12,7.001393e-14,4.771197e-12,6.491238e-12,2.427390e-12,7.584161e-12,1.650279e-11,8.037166e-14,8.037166e-14,3.047436e-10,1.106065e-11,2.780130e-11,1.847696e-11,,5.082851e-09,5.444933e-09,,,,
2020-09-06,3.850000e+01,-1.197000e+02,1.306588e-08,4.754704e-10,7.247076e-10,4.510287e-10,1.047182e-09,2.122090e-07,3.120522e-10,3.734879e-12,1.839648e-11,1.784193e-10,7.234096e-11,5.437570e-12,3.054123e-12,9.973863e-11,6.751364e-11,2.818793e-11,1.500884e-10,1.054190e-10,1.024359e-10,6.876372e-11,2.473943e-13,3.753317e-11,5.893199e-11,3.185634e-12,3.420271e-11,1.308647e-11,1.901393e-11,1.209591e-12,5.468016e-12,3.193934e-12,1.536393e-11,4.143020e-12,5.626306e-10,2.816890e-11,2.818793e-11,6.189875e-10,2.849630e-10,3.330999e-11,6.751364e-11,3.857866e-10,5.437570e-12,5.437570e-12,5.893199e-11,1.372718e-10,3.185634e-12,1.993894e-10,2.555074e-10,1.024359e-10,3.157870e-10,6.737303e-10,3.054123e-12,3.054123e-12,1.306588e-08,4.510287e-10,1.047182e-09,7.247076e-10,2.473943e-13,2.122090e-07,3.798491e+02,2.231769e+02,1.566722e+02,2.231769e+02,1.566722e+02
2020-09-06,3.850000e+01,-1.195000e+02,1.062793e-08,3.872922e-10,5.912629e-10,3.674594e-10,8.572069e-10,1.732405e-07,2.548199e-10,3.049032e-12,1.499713e-11,1.456311e-10,5.896884e-11,4.433711e-12,2.491522e-12,8.128166e-11,5.520736e-11,2.302531e-11,1.228703e-10,8.633079e-11,8.374496e-11,5.583821e-11,1.855458e-13,3.055025e-11,4.799022e-11,2.590515e-12,2.787265e-11,1.070109e-11,1.552235e-11,9.874707e-13,4.494894e-12,2.625522e-12,1.254261e-11,3.385571e-12,4.581275e-10,2.304860e-11,2.302531e-11,5.042015e-10,2.324726e-10,2.721091e-11,5.520736e-11,3.148908e-10,4.433711e-12,4.433711e-12,4.799022e-11,1.118319e-10,2.590515e-12,1.624127e-10,2.092011e-10,8.374496e-11,2.578689e-10,5.508149e-10,2.491522e-12,2.491522e-12,1.062793e-08,3.674594e-10,8.572069e-10,5.912629e-10,1.855458e-13,1.732405e-07,1.734860e+03,9.486971e+02,7.861627e+02,9.486971e+02,7.861627e+02
2020-09-06,3.950000e+01,-1.229000e+02,4.879708e-08,2.211370e-09,2.629888e-09,1.574299e-09,5.921678e-09,4.646572e-07,8.748361e-10,8.177967e-12,1.245762e-10,5.463294e-10,2.650309e-10,4.730685e-11,1.023131e-10,4.539705e-10,2.191202e-10,1.320599e-10,9.930716e-10,4.524775e-10,3.114342e-10,3.306345e-10,3.723285e-11,1.860656e-10,2.457099e-10,2.235195e-11,1.307871e-10,4.247305e-11,4.341703e-11,2.465055e-12,5.908238e-11,3.451073e-11,2.382789e-11,1.470141e-11,2.666580e-09,1.321224e-10,1.320599e-10,2.930763e-09,9.421474e-10,8.835514e-11,2.191202e-10,1.249623e-09,4.730685e-11,4.730685e-11,2.457099e-10,6.400361e-10,2.235195e-11,9.080980e-10,1.445549e-09,3.114342e-10,8.830141e-10,2.639997e-09,1.023131e-10,1.023131e-10,4.879708e-08,1.574299e-09,5.921678e-09,2.629888e-09,3.723285e-11,4.646572e-07,2.478309e+03,1.120831e+03,1.357478e+03,1.120831e+03,1.357478e+03
2020-09-06,3.970000e+01,-1.227000e+02,1.325635e-08,6.016861e-10,7.144427e-10,4.276784e-10,1.612476e-09,1.253770e-07,2.371051e-10,2.206635e-12,3.399349e-11,1.481860e-10,7.190253e-11,1.288286e-11,2.796934e-11,1.235197e-10,5.948037e-11,3.593187e-11,2.706256e-10,1.227719e-10,8.447318e-11,8.996155e-11,1.017409e-11,5.062614e-11,6.680238e-11,6.091212e-12,3.552998e-11,1.152935e-11,1.172715e-11,6.663617e-13,1.612601e-11,9.419400e-12,6.409305e-12,3.993826e-12,7.256412e-10,3.594854e-11,3.593187e-11,7.975215e-10,2.556185e-10,2.392286e-11,5.948037e-11,3.390217e-10,1.288286e-11,1.288286e-11,6.680238e-11,1.741459e-10,6.091212e-12,2.470395e-10,3.933976e-10,8.447318e-11,2.393118e-10,7.171825e-10,2.796934e-11,2.796934e-11,1.325635e-08,4.276784e-10,1.612476e-09,7.144427e-10,1.017409e-11,1.253770e-07,1.197469e+03,8.702532e+02,3.272153e+02,8.702532e+02,3.272153e+02
2020-09-06,3.970000e+01,-1.229000e+02,1.627712e-07,7.387944e-09,8.772452e-09,5.251350e-09,1.979916e-08,1.541798e-06,2.911351e-09,2.713565e-11,4.165203e-10,1.819537e-09,8.840942e-10,1.583587e-10,3.434281e-10,1.516666e-09,7.303437e-10,4.411980e-10,3.322941e-09,1.510138e-09,1.037224e-09,1.104614e-09,1.250578e-10,6.216249e-10,8.202488e-10,7.479238e-11,4.362632e-10,1.415658e-10,1.441795e-10,8.172588e-12,1.980071e-10,1.156583e-10,7.862899e-11,4.903913e-11,8.909079e-09,4.413335e-10,4.411980e-10,9.791610e-09,3.139894e-09,2.939178e-10,7.303437e-10,4.164156e-09,1.583587e-10,1.583587e-10,8.202488e-10,2.138291e-09,7.479238e-11,3.033332e-09,4.833079e-09,1.037224e-09,2.938487e-09,8.808789e-09,3.434281e-10,3.434281e-10,1.627712e-07,5.251350e-09,1.979916e-08,8.772452e-09,1.250578e-10,1.541798e-06,4.874345e+03,2.467377e+03,2.406968e+03,2.467377e+03,2.406968e+03
2020-09-06,3.990000e+01,-1.209000e+02,1.592285e-08,7.227149e-10,8.581524e-10,5.137057e-10,1.936824e-09,1.507912e-07,2.847987e-10,2.653926e-12,4.079219e-11,1.779935e-10,8.658993e-11,1.547616e-11,3.359536e-11,1.483657e-10,7.144481e-11,4.315954e-11,3.250618e-10,1.479337e-10,1.014649e-10,1.080573e-10,1.224602e-11,6.080955e-11,8.023965e-11,7.316455e-12,4.267681e-11,1.384847e-11,1.411813e-11,7.991512e-13,1.936975e-11,1.131411e-11,7.697299e-12,4.797181e-12,8.715644e-10,4.317834e-11,4.315954e-11,9.579023e-10,3.072603e-10,2.876574e-11,7.144481e-11,4.074708e-10,1.547616e-11,1.547616e-11,8.023965e-11,2.091752e-10,7.316455e-12,2.967313e-10,4.729955e-10,1.014649e-10,2.874526e-10,8.619131e-10,3.359536e-11,3.359536e-11,1.592285e-08,5.137057e-10,1.936824e-09,8.581524e-10,1.224602e-11,1.507912e-07,2.085266e+03,1.499366e+03,5.859002e+02,1.499366e+03,5.859002e+02
2020-09-06,3.990000e+01,-1.211000e+02,8.113800e-09,3.682734e-10,4.372882e-10,2.617687e-10,9.869463e-10,7.708990e-08,1.451247e-10,1.356782e-12,2.059606e-11,9.070006e-11,4.406222e-11,7.905389e-12,1.711916e-11,7.560259e-11,3.640609e-11,2.199278e-11,1.656416e-10,7.548522e-11,5.170341e-11,5.506267e-11,6.246707e-12,3.098669e-11,4.088766e-11,3.728242e-12,2.174680e-11,7.056754e-12,7.172919e-12,4.080258e-13,9.870232e-12,5.765322e-12,3.925316e-12,2.444497e-12,4.439322e-10,2.200537e-11,2.199278e-11,4.879303e-10,1.565091e-10,1.463770e-11,3.640609e-11,2.075529e-10,7.905389e-12,7.905389e-12,4.088766e-11,1.065893e-10,3.728242e-12,1.512052e-10,2.411268e-10,5.170341e-11,1.464815e-10,4.393117e-10,1.711916e-11,1.711916e-11,8.113800e-09,2.617687e-10,9.869463e-10,4.372882e-10,6.246707e-12,7.708990e-08,1.845824e+03,1.054965e+03,7.908596e+02,1.054965e+03,7.908596e+02
2020-09-06,3.990000e+01,-1.227000e+02,9.561332e-09,4.339748e-10,5.153020e-10,3.084692e-10,1.163021e-09,9.064416e-08,1.710155e-10,1.595337e-12,2.439533e-11,1.068813e-10,5.195396e-11,9.327523e-12,2.017329e-11,8.909038e-11,4.290107e-11,2.591638e-11,1.951926e-10,8.893374e-11,6.092749e-11,6.488606e-11,7.359982e-12,3.651483e-11,4.818218e-11,4.393374e-12,2.562651e-11,8.315707e-12,8.463285e-12,4.804564e-13,1.163112e-11,6.793878e-12,4.630646e-12,2.880604e-12,5.232562e-10,2.593625e-11,2.591638e-11,5.751088e-10,1.844618e-10,1.725945e-11,4.290107e-11,2.446223e-10,9.327523e-12,9.327523e-12,4.818218e-11,1.256052e-10,4.393374e-12,1.781808e-10,2.841264e-10,6.092749e-11,1.726108e-10,5.176647e-10,2.017329e-11,2.017329e-11,9.561332e-09,3.084692e-10,1.163021e-09,5.153020e-10,7.359982e-12,9.064416e-08,7.363680e+02,4.959487e+02,2.404193e+02,4.959487e+02,2.404193e+02
2020-09-06,3.990000e+01,-1.229000e+02,1.368299e-07,6.210508e-09,7.374362e-09,4.414428e-09,1.664371e-08,1.296127e-06,2.447361e-09,2.281183e-11,3.499330e-10,1.529552e-09,7.433581e-10,1.330531e-10,2.886950e-10,1.274951e-09,6.139468e-10,3.708830e-10,2.793354e-09,1.269366e-09,8.719186e-10,9.285686e-10,1.051426e-10,5.225548e-10,6.895235e-10,6.287251e-11,3.667347e-10,1.190041e-10,1.211806e-10,6.868837e-12,1.664501e-10,9.722553e-11,6.608637e-11,4.122363e-11,7.489009e-09,3.709856e-10,3.708830e-10,8.230878e-09,2.639645e-09,2.470535e-10,6.139468e-10,3.500645e-09,1.330531e-10,1.330531e-10,6.895235e-10,1.797506e-09,6.287251e-11,2.549902e-09,4.062720e-09,8.719186e-10,2.470173e-09,7.404812e-09,2.886950e-10,2.886950e-10,1.368299e-07,4.414428e-09,1.664371e-08,7.374362e-09,1.051426e-10,1.296127e-06,4.097151e+03,1.586303e+03,2.510848e+03,1.586303e+03,2.510848e+03
2020-09-06,4.010000e+01,-1.229000e+02,6.125347e-08,2.780205e-09,3.301218e-09,1.976169e-09,7.450750e-09,5.802921e-07,1.095589e-09,1.021314e-11,1.565700e-10,6.847216e-10,3.327684e-10,5.960413e-11,1.292376e-10,5.707463e-10,2.748403e-10,1.660300e-10,1.250477e-09,5.683082e-10,3.903244e-10,4.156844e-10,4.703585e-11,2.339277e-10,3.086731e-10,2.814560e-11,1.641730e-10,5.327353e-11,5.427129e-11,3.075887e-12,7.451330e-11,4.352412e-11,2.959320e-11,1.845423e-11,3.352459e-09,1.660848e-10,1.660300e-10,3.684574e-09,1.181663e-09,1.106207e-10,2.748403e-10,1.567124e-09,5.960413e-11,5.960413e-11,3.086731e-10,8.046740e-10,2.814560e-11,1.141493e-09,1.818785e-09,3.903244e-10,1.105802e-09,3.314912e-09,1.292376e-10,1.292376e-10,6.125347e-08,1.976169e-09,7.450750e-09,3.301218e-09,4.703585e-11,5.802921e-07,3.513776e+03,1.530460e+03,1.983315e+03,1.530460e+03,1.983315e+03
2020-09-06,4.010000e+01,-1.231000e+02,4.677815e-08,2.123191e-09,2.521079e-09,1.509164e-09,5.690000e-09,4.430551e-07,8.366813e-10,7.797770e-12,1.195771e-10,5.229092e-10,2.540702e-10,4.550827e-11,9.869640e-11,4.358685e-10,2.098905e-10,1.267941e-10,9.549664e-10,4.338231e-10,2.980835e-10,3.174505e-10,3.596495e-11,1.786463e-10,2.357280e-10,2.149428e-11,1.253759e-10,4.068401e-11,4.140558e-11,2.349166e-12,5.690444e-11,3.323857e-11,2.260123e-11,1.409316e-11,2.560219e-09,1.268374e-10,1.267941e-10,2.813850e-09,9.023554e-10,8.443875e-11,2.098905e-10,1.196685e-09,4.550827e-11,4.550827e-11,2.357280e-10,6.145148e-10,2.149428e-11,8.717370e-10,1.388790e-09,2.980835e-10,8.444791e-10,2.531352e-09,9.869640e-11,9.869640e-11,4.677815e-08,1.509164e-09,5.690000e-09,2.521079e-09,3.596495e-11,4.430551e-07,1.508299e+03,8.234896e+02,6.848092e+02,8.234896e+02,6.848092e+02
2020-09-06,4.050000e+01,-1.059000e+02,9.751797e-09,4.426197e-10,5.255670e-10,3.146140e-10,1.186189e-09,9.233845e-08,1.744222e-10,1.625157e-12,2.499522e-11,1.090104e-10,5.283082e-11,9.453005e-12,2.057515e-11,9.086509e-11,4.375568e-11,2.643264e-11,1.990809e-10,9.023520e-11,6.214119e-11,6.617861e-11,7.483679e-12,3.724222e-11,4.914199e-11,4.480892e-12,2.613700e-11,8.481358e-12,8.615093e-12,4.876995e-13,1.186281e-11,6.929214e-12,4.691979e-12,2.937987e-12,5.337935e-10,2.642199e-11,2.643264e-11,5.866481e-10,1.879782e-10,1.758415e-11,4.375568e-11,2.493180e-10,9.453005e-12,9.453005e-12,4.914199e-11,1.281073e-10,4.480892e-12,1.817302e-10,2.893161e-10,6.214119e-11,1.760473e-10,5.275047e-10,2.057515e-11,2.057515e-11,9.751797e-09,3.146140e-10,1.186189e-09,5.255670e-10,7.483679e-12,9.233845e-08,1.041241e-07,,,,
2020-09-06,4.050000e+01,-1.057000e+02,3.047437e-07,1.383187e-08,1.642397e-08,9.831688e-09,3.706841e-08,2.887059e-06,5.450693e-09,5.081224e-11,7.798507e-10,3.406575e-09,1.655512e-09,2.965148e-10,6.429733e-10,2.839534e-09,1.367365e-09,8.260200e-10,6.221279e-09,2.827225e-09,1.941912e-09,2.068082e-09,2.341587e-10,1.163819e-09,1.535687e-09,1.400279e-10,8.167811e-10,2.650424e-10,2.699522e-10,1.530218e-11,3.707129e-10,2.165379e-10,1.472607e-10,9.181209e-11,1.667980e-08,8.263237e-10,8.260200e-10,1.833214e-08,5.878868e-09,5.502968e-10,1.367365e-09,7.796530e-09,2.965148e-10,2.965148e-10,1.535687e-09,4.003353e-09,1.400279e-10,5.679068e-09,9.048504e-09,1.941912e-09,5.501505e-09,1.649192e-08,6.429733e-10,6.429733e-10,3.047437e-07,9.831688e-09,3.706841e-08,1.642397e-08,2.341587e-10,2.887059e-06,5.045479e+03,3.909110e+03,1.136368e+03,3.909110e+03,1.136368e+03
2020-09-06,4.050000e+01,-1.107000e+02,4.232128e-08,1.920900e-09,2.280879e-09,1.365376e-09,5.147875e-09,4.006980e-07,7.569650e-10,7.052285e-12,1.081793e-10,4.730881e-10,2.297374e-10,4.115822e-11,8.929292e-11,3.943403e-10,1.898928e-10,1.147135e-10,8.639802e-10,3.926099e-10,2.696831e-10,2.872048e-10,3.250143e-11,1.616254e-10,2.132685e-10,1.944637e-11,1.134305e-10,3.680777e-11,3.745857e-11,2.124631e-12,5.148276e-11,3.007171e-11,2.045458e-11,1.275040e-11,2.316284e-09,1.147594e-10,1.147135e-10,2.545758e-09,8.162559e-10,7.639098e-11,1.898928e-10,1.082540e-09,4.115822e-11,4.115822e-11,2.132685e-10,5.559657e-10,1.944637e-11,7.886806e-10,1.256590e-09,2.696831e-10,7.640173e-10,2.290290e-09,8.929292e-11,8.929292e-11,4.232128e-08,1.365376e-09,5.147875e-09,2.280879e-09,3.250143e-11,4.006980e-07,8.636473e+02,,8.636473e+02,,8.636473e+02
2020-09-06,4.070000e+01,-1.059000e+02,5.790130e-09,2.628054e-10,3.120554e-10,1.868021e-10,7.042997e-10,5.506421e-08,1.035632e-10,9.691302e-13,1.479717e-11,6.472492e-11,3.156696e-11,5.646707e-12,1.221649e-11,5.395115e-11,2.597993e-11,1.569438e-11,1.182043e-10,5.379406e-11,3.689633e-11,3.929355e-11,4.453098e-12,2.211257e-11,2.917805e-11,2.660529e-12,1.551884e-11,5.035806e-12,5.161465e-12,2.921368e-13,7.043546e-12,4.114221e-12,2.790654e-12,1.744430e-12,3.168961e-10,1.569285e-11,1.569438e-11,3.482834e-10,1.118107e-10,1.048941e-11,2.597993e-11,1.482801e-10,5.646707e-12,5.646707e-12,2.917805e-11,7.606372e-11,2.660529e-12,1.079023e-10,1.719984e-10,3.689633e-11,1.045323e-10,3.134270e-10,1.221649e-11,1.221649e-11,5.790130e-09,1.868021e-10,7.042997e-10,3.120554e-10,4.453098e-12,5.506421e-08,5.952544e+02,3.063557e+02,2.888987e+02,3.063557e+02,2.888987e+02
2020-09-06,4.070000e+01,-1.057000e+02,2.070543e-06,9.397888e-08,1.115906e-07,6.680018e-08,2.518566e-07,1.961641e-05,3.703405e-08,3.452489e-10,5.298586e-09,2.314555e-08,1.124814e-08,2.014619e-09,4.368601e-09,1.929286e-08,9.290390e-09,5.612289e-09,4.226971e-08,1.921055e-08,1.319408e-08,1.405132e-08,1.590900e-09,7.907424e-09,1.043403e-08,9.514018e-10,5.549517e-09,1.800798e-09,1.834142e-09,1.039669e-10,2.518763e-09,1.471240e-09,1.000434e-09,6.238057e-10,1.133288e-07,5.614242e-09,5.612289e-09,1.245553e-07,3.994321e-08,3.738907e-09,9.290390e-09,5.297250e-08,2.014619e-09,2.014619e-09,1.043403e-08,2.720028e-08,9.514018e-10,3.858572e-08,6.148026e-08,1.319408e-08,3.737930e-08,1.120536e-07,4.368601e-09,4.368601e-09,2.070543e-06,6.680018e-08,2.518566e-07,1.115906e-07,1.590900e-09,1.961641e-05,4.505828e+03,2.524847e+03,1.980981e+03,2.524847e+03,1.980981e+03
2020-09-06,4.070000e+01,-1.107000e+02,4.555918e-07,2.067864e-08,2.455383e-08,1.469837e-08,5.541727e-08,4.315763e-06,8.148786e-09,7.595744e-11,1.165777e-09,5.092829e-09,2.474938e-09,4.432455e-10,9.612451e-10,4.245103e-09,2.044210e-09,1.234900e-09,9.300813e-09,4.226739e-09,2.903159e-09,3.091782e-09,3.500012e-10,1.739910e-09,2.295852e-09,2.093417e-10,1.221088e-09,3.962384e-10,4.035810e-10,2.287359e-11,5.542158e-10,3.237242e-10,2.201550e-10,1.372591e-10,2.493620e-08,1.235354e-09,1.234900e-09,2.740645e-08,8.788854e-09,8.226930e-10,2.044210e-09,1.165576e-08,4.432455e-10,4.432455e-10,2.295852e-09,5.985013e-09,2.093417e-10,8.490208e-09,1.352755e-08,2.903159e-09,8.224743e-09,2.465545e-08,9.612451e-10,9.612451e-10,4.555918e-07,1.469837e-08,5.541727e-08,2.455383e-08,3.500012e-10,4.315763e-06,7.131065e+03,3.152569e+03,3.978496e+03,3.152569e+03,3.978496e+03
2020-09-06,4.070000e+01,-1.105000e+02,6.666267e-09,2.420577e-10,3.695393e-10,2.298157e-10,5.328584e-10,1.080106e-07,1.587514e-10,1.900986e-12,9.398202e-12,9.070005e-11,3.682812e-11,2.760612e-12,1.527062e-12,5.075667e-11,3.435504e-11,1.435210e-11,7.621067e-11,5.379406e-11,5.218889e-11,3.489888e-11,1.236972e-13,1.920302e-11,2.994590e-11,1.627824e-12,1.745870e-11,6.659191e-12,9.677747e-12,6.156602e-13,2.780347e-12,1.624034e-12,7.819965e-12,2.111678e-12,2.863547e-10,1.433602e-11,1.435210e-11,3.150429e-10,1.449869e-10,1.695260e-11,3.435504e-11,1.962945e-10,2.760612e-12,2.760612e-12,2.994590e-11,6.995969e-11,1.627824e-12,1.015334e-10,1.300047e-10,5.218889e-11,1.606524e-10,3.428460e-10,1.527062e-12,1.527062e-12,6.666267e-09,2.298157e-10,5.328584e-10,3.695393e-10,1.236972e-13,1.080106e-07,1.158092e-07,,,,
2020-09-06,4.110000e+01,-1.233000e+02,1.302779e-08,5.913123e-10,7.021247e-10,4.203047e-10,1.584674e-09,1.232591e-07,2.330171e-10,2.169361e-12,3.339361e-11,1.456311e-10,7.080646e-11,1.267372e-11,2.748711e-11,1.213901e-10,5.845485e-11,3.531236e-11,2.659597e-10,1.210366e-10,8.301675e-11,8.841048e-11,1.001947e-11,4.975327e-11,6.565062e-11,5.986191e-12,3.491739e-11,1.133056e-11,1.153739e-11,6.542899e-13,1.584798e-11,9.256996e-12,6.286639e-12,3.924967e-12,7.131164e-10,3.531658e-11,3.531236e-11,7.837453e-10,2.513549e-10,2.352225e-11,5.845485e-11,3.333320e-10,1.267372e-11,1.267372e-11,6.565062e-11,1.711433e-10,5.986191e-12,2.427802e-10,3.869963e-10,8.301675e-11,2.351865e-10,7.051995e-10,2.748711e-11,2.748711e-11,1.302779e-08,4.203047e-10,1.584674e-09,7.021247e-10,1.001947e-11,1.232591e-07,2.002562e+03,1.348434e+03,6.541285e+02,1.348434e+03,6.541285e+02
2020-09-06,4.110000e+01,-1.235000e+02,1.474959e-07,6.694623e-09,7.949201e-09,4.758537e-09,1.794111e-08,1.397360e-06,2.638135e-09,2.459354e-11,3.773278e-10,1.648782e-09,8.012310e-10,1.435100e-10,3.111991e-10,1.374335e-09,6.618046e-10,3.997937e-10,3.011099e-09,1.368712e-09,9.398855e-10,1.000952e-09,1.133375e-10,5.632885e-10,7.432726e-10,6.777348e-11,3.953221e-10,1.282805e-10,1.306686e-10,7.404823e-12,1.794251e-10,1.048044e-10,7.126902e-11,4.443705e-11,8.072901e-09,3.999355e-10,3.997937e-10,8.872631e-09,2.845335e-09,2.663539e-10,6.618046e-10,3.773494e-09,1.435100e-10,1.435100e-10,7.432726e-10,1.937623e-09,6.777348e-11,2.748669e-09,4.379811e-09,9.398855e-10,2.662729e-09,7.982425e-09,3.111991e-10,3.111991e-10,1.474959e-07,4.758537e-09,1.794111e-08,7.949201e-09,1.133375e-10,1.397360e-06,5.100518e+03,2.173681e+03,2.926837e+03,2.173681e+03,2.926837e+03
2020-09-06,4.170000e+01,-1.065000e+02,6.856733e-09,2.507026e-10,3.798043e-10,2.371895e-10,5.513925e-10,1.118227e-07,1.642021e-10,1.968080e-12,9.598164e-12,9.368081e-11,3.792420e-11,2.886094e-12,1.607433e-12,5.253138e-11,3.555149e-11,1.476511e-11,7.932131e-11,5.552936e-11,5.388807e-11,3.619143e-11,1.236972e-13,1.978493e-11,3.090570e-11,1.680334e-12,1.796918e-11,6.891103e-12,1.001932e-11,6.373894e-13,2.873025e-12,1.678169e-12,8.095964e-12,2.180537e-12,2.964922e-10,1.482769e-11,1.476511e-11,3.260850e-10,1.495742e-10,1.754781e-11,3.555149e-11,2.026735e-10,2.886094e-12,2.886094e-12,3.090570e-11,7.231631e-11,1.680334e-12,1.049023e-10,1.348507e-10,5.388807e-11,1.661702e-10,3.549089e-10,1.607433e-12,1.607433e-12,6.856733e-09,2.371895e-10,5.513925e-10,3.798043e-10,1.236972e-13,1.118227e-07,5.575038e+03,4.250026e+03,1.325012e+03,4.250026e+03,1.325012e+03
2020-09-06,4.190000e+01,-1.123000e+02,4.952084e-10,1.728983e-11,2.668895e-11,1.720545e-11,4.170196e-11,8.047847e-09,1.158272e-11,1.416421e-13,5.998852e-13,6.813149e-12,2.849795e-12,2.091373e-13,8.037166e-14,3.904359e-12,2.563809e-12,1.032525e-12,5.443619e-12,3.904408e-12,3.883824e-12,2.585102e-12,,1.454774e-12,2.303530e-12,1.225244e-13,1.327269e-12,4.969545e-13,7.210870e-13,4.587273e-14,2.316956e-13,1.353362e-13,5.826641e-13,1.606711e-13,2.047482e-11,1.110367e-12,1.032525e-12,2.261771e-11,1.099021e-11,1.263914e-12,2.563809e-12,1.481794e-11,2.091373e-13,2.091373e-13,2.303530e-12,5.359133e-12,1.225244e-13,7.785188e-12,9.348027e-12,3.883824e-12,1.172436e-11,2.495622e-11,8.037166e-14,8.037166e-14,4.952084e-10,1.720545e-11,4.170196e-11,2.668895e-11,,8.047847e-09,8.628652e-09,,,,
2020-09-06,4.190000e+01,-1.067000e+02,3.222664e-08,1.173980e-09,1.786107e-09,1.112210e-09,2.585521e-09,5.239572e-07,7.699104e-10,9.221646e-12,4.539132e-11,4.402998e-10,1.782218e-10,1.346844e-11,7.554936e-12,2.459746e-10,1.664767e-10,6.948894e-11,3.709438e-10,2.602938e-10,2.529341e-10,1.693242e-10,5.875616e-13,9.266910e-11,1.453144e-10,7.859064e-12,8.433265e-11,3.226892e-11,4.694656e-11,2.986556e-12,1.353102e-11,7.903634e-12,3.793450e-11,1.021409e-11,1.388695e-09,6.958325e-11,6.948894e-11,1.527767e-09,7.028543e-10,8.220204e-11,1.664767e-10,9.515331e-10,1.346844e-11,1.346844e-11,1.453144e-10,3.386437e-10,7.859064e-12,4.918171e-10,6.312376e-10,2.529341e-10,7.791320e-10,1.663304e-09,7.554936e-12,7.554936e-12,3.222664e-08,1.112210e-09,2.585521e-09,1.786107e-09,5.875616e-13,5.239572e-07,2.975019e+03,2.250025e+03,7.249935e+02,2.250025e+03,7.249935e+02
2020-09-06,4.190000e+01,-1.065000e+02,9.603234e-08,3.501191e-09,5.327525e-09,3.316966e-09,7.710229e-09,1.561706e-06,2.296104e-09,2.748602e-11,1.351741e-10,1.312383e-09,5.315965e-10,4.011253e-11,2.250407e-11,7.329547e-10,4.965243e-10,2.072278e-10,1.104277e-09,7.756757e-10,7.544329e-10,5.048705e-10,1.700836e-12,2.764071e-10,4.334476e-10,2.341966e-11,2.514665e-10,9.621040e-11,1.399288e-10,8.901723e-12,4.026869e-11,2.357557e-11,1.130675e-10,3.044718e-11,4.141236e-09,2.073589e-10,2.072278e-10,4.555822e-09,2.095446e-09,2.450410e-10,4.965243e-10,2.837011e-09,4.011253e-11,4.011253e-11,4.334476e-10,1.009362e-09,2.341966e-11,1.466229e-09,1.879953e-09,7.544329e-10,2.323590e-09,4.957976e-09,2.250407e-11,2.250407e-11,9.603234e-08,3.316966e-09,7.710229e-09,5.327525e-09,1.700836e-12,1.561706e-06,1.850006e+03,1.125013e+03,7.249935e+02,1.125013e+03,7.249935e+02
2020-09-06,4.270000e+01,-1.115000e+02,3.809296e-09,1.383187e-10,2.114586e-10,1.314988e-10,3.058143e-10,6.184135e-08,9.061778e-11,1.088408e-12,5.398967e-12,5.195027e-11,2.104464e-11,1.589444e-12,8.840883e-13,2.910523e-11,1.965587e-11,8.156948e-12,4.354896e-11,3.080144e-11,2.985690e-11,1.990529e-11,6.184858e-14,1.091081e-11,1.708452e-11,9.276846e-13,9.903470e-12,3.809985e-12,5.540985e-12,3.524957e-13,1.575530e-12,9.202862e-13,4.477313e-12,1.205034e-12,1.636229e-10,8.178163e-12,8.156948e-12,1.799580e-10,8.289838e-11,9.703465e-12,1.965587e-11,1.122577e-10,1.589444e-12,1.589444e-12,1.708452e-11,4.001603e-11,9.276846e-13,5.802823e-11,7.435039e-11,2.985690e-11,9.170618e-11,1.959135e-10,8.840883e-13,8.840883e-13,3.809296e-09,1.314988e-10,3.058143e-10,2.114586e-10,6.184858e-14,6.184135e-08,6.942466e+02,4.752516e+02,2.189950e+02,4.752516e+02,2.189950e+02
2020-09-06,4.430000e+01,-1.109000e+02,1.485625e-09,6.743035e-11,8.006685e-11,4.792948e-11,1.807085e-10,1.397784e-08,2.657213e-11,2.460100e-13,3.799273e-12,1.660705e-11,8.110956e-12,1.463961e-12,3.134495e-12,1.384273e-11,6.665904e-12,4.026848e-12,3.032874e-11,1.388234e-11,9.466821e-12,1.008190e-11,1.144199e-12,5.673619e-12,7.486474e-12,6.826358e-13,3.981808e-12,1.292082e-12,1.328318e-12,7.484498e-14,1.807226e-12,1.055622e-12,7.359968e-13,4.475839e-13,8.131152e-11,4.046429e-12,4.026848e-12,8.938480e-11,2.869982e-11,2.695245e-12,6.665904e-12,3.806096e-11,1.463961e-12,1.463961e-12,7.486474e-12,1.951635e-11,6.826358e-13,2.768546e-11,4.421108e-11,9.466821e-12,2.681814e-11,8.049603e-11,3.134495e-12,3.134495e-12,1.485625e-09,4.792948e-11,1.807085e-10,8.006685e-11,1.144199e-12,1.397784e-08,1.577331e-08,,,,
2020-09-06,4.430000e+01,-1.107000e+02,5.523478e-09,2.507025e-10,2.976844e-10,1.781993e-10,6.718649e-10,5.209922e-08,9.879380e-11,9.169462e-13,1.399732e-11,6.174416e-11,3.003246e-11,5.353913e-12,1.165389e-11,5.146656e-11,2.478349e-11,1.497161e-11,1.127607e-10,5.119112e-11,3.519716e-11,3.748397e-11,4.236628e-12,2.109422e-11,2.783433e-11,2.538005e-12,1.480416e-11,4.803894e-12,4.895802e-12,2.776507e-13,6.719172e-12,3.924750e-12,2.667988e-12,1.664094e-12,3.021839e-10,1.497600e-11,1.497161e-11,3.321315e-10,1.065808e-10,9.977346e-12,2.478349e-11,1.413416e-10,5.353913e-12,5.353913e-12,2.783433e-11,7.256078e-11,2.538005e-12,1.029331e-10,1.639518e-10,3.519716e-11,9.971075e-11,2.988597e-10,1.165389e-11,1.165389e-11,5.523478e-09,1.781993e-10,6.718649e-10,2.976844e-10,4.236628e-12,5.209922e-08,1.449989e+03,1.049986e+03,4.000031e+02,1.049986e+03,4.000031e+02
2020-09-06,4.450000e+01,-1.107000e+02,7.313848e-09,3.319648e-10,3.941752e-10,2.359605e-10,8.896417e-10,6.904205e-08,1.308166e-10,1.215140e-12,1.859644e-11,8.175779e-11,3.967792e-11,7.110668e-12,1.543136e-11,6.814882e-11,3.281676e-11,1.982448e-11,1.493107e-10,6.767640e-11,4.660589e-11,4.963396e-11,5.597297e-12,2.793166e-11,3.685649e-11,3.360669e-12,1.960275e-11,6.361018e-12,6.451832e-12,3.669818e-13,8.897110e-12,5.196910e-12,3.526651e-12,2.203490e-12,4.001952e-10,1.982416e-11,1.982448e-11,4.398438e-10,1.410385e-10,1.317983e-11,3.281676e-11,1.870351e-10,7.110668e-12,7.110668e-12,3.685649e-11,9.608048e-11,3.360669e-12,1.362976e-10,2.169871e-10,4.660589e-11,1.320318e-10,3.956248e-10,1.543136e-11,1.543136e-11,7.313848e-09,2.359605e-10,8.896417e-10,3.941752e-10,5.597297e-12,6.904205e-08,7.788127e-08,,,,
2020-09-06,4.470000e+01,-1.155000e+02,3.550263e-08,1.611412e-09,1.913392e-09,1.145392e-09,4.318469e-09,3.363153e-07,6.350057e-10,5.919149e-12,9.098259e-11,3.968659e-10,1.929092e-10,3.454948e-11,7.490639e-11,3.308057e-10,1.592980e-10,9.623134e-11,7.247789e-10,3.297055e-10,2.262328e-10,2.409315e-10,2.727522e-11,1.355849e-10,1.789075e-10,1.631325e-11,9.515499e-11,3.087744e-11,3.146217e-11,1.781793e-12,4.318806e-11,2.522667e-11,1.714259e-11,1.069611e-11,1.943326e-09,9.625342e-11,9.623134e-11,2.135811e-09,6.849302e-10,6.412140e-11,1.592980e-10,9.083496e-10,3.454948e-11,3.454948e-11,1.789075e-10,4.663906e-10,1.631325e-11,6.616114e-10,1.054484e-09,2.262328e-10,6.409248e-10,1.921642e-09,7.490639e-11,7.490639e-11,3.550263e-08,1.145392e-09,4.318469e-09,1.913392e-09,2.727522e-11,3.363153e-07,3.131442e+03,1.884849e+03,1.246593e+03,1.884849e+03,1.246593e+03
2020-09-06,4.470000e+01,-1.153000e+02,3.047436e-10,1.383187e-11,1.642397e-11,9.831688e-12,3.706841e-11,2.541425e-09,5.450693e-12,4.472909e-14,7.998470e-13,3.406575e-12,1.534505e-12,2.927922e-13,6.429733e-13,2.839534e-12,1.367365e-12,8.260200e-13,6.221279e-12,2.602938e-12,1.941912e-12,2.068082e-12,2.164700e-13,1.163819e-12,1.535687e-12,1.400279e-13,8.167811e-13,2.650424e-13,2.656637e-13,1.448612e-14,3.707129e-13,2.165379e-13,1.533327e-13,9.181208e-14,1.669979e-11,8.323956e-13,8.260200e-13,1.835821e-11,5.757861e-12,5.451923e-13,1.367365e-12,7.670418e-12,2.927922e-13,2.927922e-13,1.535687e-12,4.003353e-12,1.400279e-13,5.679068e-12,8.824217e-12,1.941912e-12,5.495422e-12,1.626155e-11,6.429733e-13,6.429733e-13,3.047436e-10,9.831688e-12,3.706841e-11,1.642397e-11,2.164700e-13,2.541425e-09,2.909709e-09,,,,
2020-09-06,4.470000e+01,-1.217000e+02,3.991761e-07,1.811801e-08,2.151335e-08,1.287828e-08,4.855498e-08,3.781641e-06,7.139727e-09,6.655688e-11,1.021604e-09,4.462187e-09,2.168694e-09,3.884098e-10,8.422146e-10,3.719435e-09,1.791077e-09,1.081983e-09,8.149098e-09,3.703548e-09,2.543662e-09,2.708928e-09,3.067380e-10,1.524458e-09,2.011558e-09,1.834190e-10,1.069881e-09,3.471724e-10,3.535983e-10,2.004397e-11,4.855876e-10,2.836376e-10,1.928618e-10,1.202624e-10,2.184855e-08,1.082349e-09,1.081983e-09,2.401288e-08,7.700762e-09,7.208147e-10,1.791077e-09,1.021265e-08,3.884098e-10,3.884098e-10,2.011558e-09,5.243892e-09,1.834190e-10,7.438870e-09,1.185265e-08,2.543662e-09,7.206284e-09,2.160259e-08,8.422146e-10,8.422146e-10,3.991761e-07,1.287828e-08,4.855498e-08,2.151335e-08,3.067380e-10,3.781641e-06,1.525338e+03,5.416873e+02,9.836510e+02,5.416873e+02,9.836510e+02
2020-09-06,4.490000e+01,-1.135000e+02,6.094873e-09,2.230388e-10,3.407974e-10,2.113813e-10,4.911564e-10,9.911558e-08,1.458060e-10,1.744434e-12,8.598353e-12,8.346109e-11,3.397833e-11,2.551475e-12,1.446690e-12,4.649737e-11,3.162031e-11,1.321632e-11,6.998938e-11,4.945583e-11,4.806232e-11,3.205526e-11,1.236972e-13,1.760277e-11,2.764236e-11,1.487796e-12,1.602933e-11,6.129106e-12,8.880756e-12,5.649588e-13,2.548651e-12,1.488698e-12,7.175968e-12,1.939530e-12,2.636925e-10,1.315285e-11,1.321632e-11,2.900616e-10,1.334687e-10,1.557482e-11,3.162031e-11,1.806639e-10,2.551475e-12,2.551475e-12,2.764236e-11,6.410014e-11,1.487796e-12,9.323030e-11,1.194452e-10,4.806232e-11,1.475505e-10,3.150580e-10,1.446690e-12,1.446690e-12,6.094873e-09,2.113813e-10,4.911564e-10,3.407974e-10,1.236972e-13,9.911558e-08,1.272759e+03,6.818318e+02,5.909267e+02,6.818318e+02,5.909267e+02
2020-09-06,4.490000e+01,-1.155000e+02,4.456876e-09,2.022910e-10,2.402006e-10,1.437885e-10,5.421255e-10,4.193352e-08,7.971638e-11,7.380299e-13,1.139782e-11,4.982116e-11,2.411366e-11,4.308228e-12,9.403485e-12,4.152819e-11,1.999771e-11,1.208054e-11,9.098620e-11,4.121319e-11,2.840047e-11,3.024569e-11,3.432596e-12,1.702086e-11,2.245942e-11,2.047907e-12,1.194542e-11,3.876246e-12,3.947003e-12,2.221206e-13,5.421677e-12,3.166867e-12,2.146657e-12,1.342752e-12,2.439346e-10,1.207795e-11,1.208054e-11,2.680930e-10,8.588024e-11,8.045370e-12,1.999771e-11,1.139233e-10,4.308228e-12,4.308228e-12,2.245942e-11,5.854904e-11,2.047907e-12,8.305637e-11,1.321994e-10,2.840047e-11,8.045441e-11,2.410543e-10,9.403485e-12,9.403485e-12,4.456876e-09,1.437885e-10,5.421255e-10,2.402006e-10,3.432596e-12,4.193352e-08,2.937529e+03,2.225033e+03,7.124960e+02,2.225033e+03,7.124960e+02
2020-09-06,4.530000e+01,-1.155000e+02,8.380449e-09,3.803763e-10,4.516592e-10,2.703714e-10,1.019381e-09,7.963133e-08,1.498940e-10,1.401511e-12,2.139591e-11,9.368081e-11,4.559673e-11,8.156355e-12,1.768177e-11,7.808719e-11,3.760253e-11,2.271555e-11,1.710852e-10,7.808815e-11,5.340258e-11,5.687224e-11,6.463177e-12,3.200503e-11,4.223139e-11,3.850766e-12,2.246148e-11,7.288667e-12,7.438582e-12,4.225119e-13,1.019461e-11,5.954793e-12,4.047982e-12,2.524832e-12,4.586445e-10,2.272221e-11,2.271555e-11,5.040823e-10,1.617390e-10,1.514976e-11,3.760253e-11,2.144913e-10,8.156355e-12,8.156355e-12,4.223139e-11,1.100922e-10,3.850766e-12,1.561744e-10,2.491733e-10,5.340258e-11,1.512956e-10,4.538715e-10,1.768177e-11,1.768177e-11,8.380449e-09,2.703714e-10,1.019381e-09,4.516592e-10,6.463177e-12,7.963133e-08,1.249987e+03,7.499760e+02,5.000107e+02,7.499760e+02,5.000107e+02
2020-09-06,4.530000e+01,-1.153000e+02,1.108505e-08,5.031341e-10,5.974219e-10,3.576276e-10,1.348363e-09,1.050456e-07,1.982690e-10,1.848802e-12,2.839457e-11,1.239142e-10,6.028413e-11,1.079148e-11,2.338815e-11,1.032881e-10,4.973790e-11,3.004648e-11,2.262990e-10,1.028161e-10,7.063706e-11,7.522647e-11,8.535105e-12,4.233392e-11,5.586061e-11,5.093514e-12,2.971041e-11,9.640918e-12,9.829555e-12,5.577158e-13,1.348468e-11,7.876567e-12,5.366643e-12,3.339664e-12,6.067551e-10,3.006756e-11,3.004648e-11,6.668692e-10,2.139087e-10,2.002819e-11,4.973790e-11,2.836748e-10,1.079148e-11,1.079148e-11,5.586061e-11,1.456220e-10,5.093514e-12,2.065761e-10,3.291151e-10,7.063706e-11,2.001178e-10,5.998699e-10,2.338815e-11,2.338815e-11,1.108505e-08,3.576276e-10,1.348363e-09,5.974219e-10,8.535105e-12,1.050456e-07,1.184426e-07,,,,
2020-09-06,4.570000e+01,-1.109000e+02,5.485385e-09,2.489736e-10,2.956315e-10,1.769704e-10,6.672313e-10,5.252279e-08,9.811248e-11,9.244011e-13,1.419728e-11,6.131835e-11,3.003246e-11,5.353914e-12,1.157352e-11,5.111161e-11,2.461257e-11,1.486836e-11,1.119830e-10,5.119112e-11,3.495442e-11,3.722547e-11,4.236628e-12,2.094875e-11,2.764237e-11,2.520502e-12,1.470206e-11,4.770764e-12,4.895802e-12,2.776507e-13,6.672833e-12,3.897683e-12,2.667988e-12,1.652617e-12,3.003963e-10,1.489112e-11,1.486836e-11,3.301558e-10,1.060529e-10,9.944216e-12,2.461257e-11,1.406096e-10,5.353914e-12,5.353914e-12,2.764237e-11,7.206036e-11,2.520502e-12,1.022232e-10,1.631742e-10,3.495442e-11,9.903688e-11,2.971655e-10,1.157352e-11,1.157352e-11,5.485385e-09,1.769704e-10,6.672313e-10,2.956315e-10,4.236628e-12,5.252279e-08,5.915224e-08,,,,
2020-09-06,4.570000e+01,-1.151000e+02,1.024701e-08,4.650965e-10,5.522560e-10,3.305905e-10,1.246425e-09,9.699773e-08,1.832795e-10,1.707160e-12,2.619499e-11,1.145461e-10,5.568061e-11,9.954934e-12,2.161998e-11,9.547933e-11,4.597764e-11,2.777492e-11,2.091905e-10,9.500725e-11,6.529680e-11,6.953924e-11,7.854770e-12,3.913342e-11,5.163747e-11,4.708437e-12,2.746426e-11,8.912052e-12,9.070516e-12,5.142574e-13,1.246522e-11,7.281088e-12,4.937311e-12,3.087181e-12,5.608307e-10,2.777080e-11,2.777492e-11,6.163764e-10,1.976909e-10,1.849682e-11,4.597764e-11,2.621654e-10,9.954934e-12,9.954934e-12,5.163747e-11,1.346128e-10,4.708437e-12,1.909587e-10,3.041978e-10,6.529680e-11,1.849867e-10,5.544812e-10,2.161998e-11,2.161998e-11,1.024701e-08,3.305905e-10,1.246425e-09,5.522560e-10,7.854770e-12,9.699773e-08,1.343002e+03,9.959001e+02,3.471015e+02,9.959001e+02,3.471015e+02
2020-09-06,4.610000e+01,-1.121000e+02,2.773167e-08,1.009726e-09,1.537694e-09,9.573606e-10,2.224104e-09,4.502558e-07,6.622592e-10,7.924503e-12,3.879257e-11,3.785556e-10,1.532313e-10,1.158621e-11,6.510105e-12,2.115453e-10,1.432315e-10,5.978320e-11,3.188406e-10,2.238527e-10,2.174942e-10,1.455412e-10,4.947887e-13,7.972162e-11,1.249665e-10,6.756345e-12,7.259141e-11,2.776319e-11,4.034292e-11,2.566458e-12,1.163112e-11,6.820945e-12,3.259852e-11,8.791007e-12,1.194060e-09,5.984160e-11,5.978320e-11,1.313685e-09,6.043783e-10,7.067258e-11,1.432315e-10,8.182824e-10,1.158621e-11,1.158621e-11,1.249665e-10,2.912669e-10,6.756345e-12,4.229898e-10,5.426933e-10,2.174942e-10,6.701837e-10,1.430371e-09,6.510105e-12,6.510105e-12,2.773167e-08,9.573606e-10,2.224104e-09,1.537694e-09,4.947887e-13,4.502558e-07,4.827072e-07,,,,
2020-09-06,4.610000e+01,-1.123000e+02,2.811260e-08,1.025287e-09,1.558224e-09,9.708793e-10,2.256539e-09,4.574566e-07,6.724792e-10,8.051235e-12,3.959242e-11,3.840913e-10,1.556427e-10,1.175351e-11,6.590476e-12,2.143848e-10,1.454534e-10,6.071248e-11,3.227288e-10,2.268895e-10,2.208925e-10,1.478678e-10,4.947887e-13,8.088544e-11,1.268861e-10,6.861365e-12,7.361239e-11,2.816076e-11,4.098811e-11,2.607502e-12,1.177014e-11,6.902146e-12,3.311985e-11,8.917249e-12,1.212747e-09,6.070938e-11,6.071248e-11,1.334169e-09,6.133464e-10,7.175637e-11,1.454534e-10,8.305562e-10,1.175351e-11,1.175351e-11,1.268861e-10,2.952703e-10,6.861365e-12,4.290178e-10,5.496184e-10,2.208925e-10,6.805305e-10,1.451041e-09,6.590476e-12,6.590476e-12,2.811260e-08,9.708793e-10,2.256539e-09,1.558224e-09,4.947887e-13,4.574566e-07,4.903553e-07,,,,
2020-09-06,4.630000e+01,-1.085000e+02,1.146598e-08,4.184140e-10,6.364288e-10,3.957255e-10,9.220766e-10,1.863712e-07,2.738973e-10,3.280133e-12,1.619690e-11,1.567025e-10,6.335314e-11,4.810157e-12,2.652265e-12,8.731568e-11,5.930945e-11,2.478060e-11,1.322022e-10,9.240433e-11,9.005618e-11,6.023287e-11,2.164700e-13,3.302337e-11,5.163748e-11,2.800558e-12,3.001670e-11,1.149622e-11,1.669886e-11,1.062316e-12,4.819268e-12,2.814993e-12,1.349327e-11,3.638054e-12,4.948437e-10,2.476559e-11,2.478060e-11,5.443899e-10,2.500723e-10,2.925739e-11,5.930945e-11,3.386391e-10,4.810157e-12,4.810157e-12,5.163748e-11,1.203390e-10,2.800558e-12,1.747771e-10,2.246065e-10,9.005618e-11,2.771775e-10,5.918401e-10,2.652265e-12,2.652265e-12,1.146598e-08,3.957255e-10,9.220766e-10,6.364288e-10,2.164700e-13,1.863712e-07,3.363201e+02,2.226888e+02,1.136313e+02,2.226888e+02,1.136313e+02
2020-09-06,4.630000e+01,-1.083000e+02,4.232128e-08,1.543982e-09,2.348628e-09,1.462464e-09,3.405660e-09,6.891498e-07,1.013147e-09,1.212904e-11,5.958859e-11,5.786919e-10,2.345601e-10,1.769302e-11,9.966086e-12,3.229970e-10,2.191202e-10,9.127521e-11,4.883705e-10,3.418526e-10,3.325525e-10,2.225773e-10,7.421831e-13,1.217646e-10,1.910011e-10,1.032706e-11,1.108780e-10,4.243992e-11,6.174782e-11,3.928154e-12,1.779422e-11,1.042089e-11,4.989445e-11,1.342752e-11,1.826148e-09,9.153707e-11,9.127521e-11,2.008960e-09,9.241301e-10,1.081159e-10,2.191202e-10,1.251366e-09,1.769302e-11,1.769302e-11,1.910011e-10,4.447616e-10,1.032706e-11,6.460898e-10,8.302230e-10,3.325525e-10,1.025277e-09,2.188052e-09,9.966086e-12,9.966086e-12,4.232128e-08,1.462464e-09,3.405660e-09,2.348628e-09,7.421831e-13,6.891498e-07,9.036549e+02,2.607880e+02,6.428669e+02,2.607880e+02,6.428669e+02
2020-09-06,4.630000e+01,-1.149000e+02,7.999520e-10,3.630865e-11,4.311292e-11,2.580818e-11,9.730457e-11,7.624275e-09,1.430807e-11,1.341873e-13,1.999617e-12,8.942258e-12,4.165085e-12,7.528942e-13,1.687805e-12,7.453777e-12,3.589333e-12,2.168303e-12,1.633086e-11,7.374993e-12,5.097520e-12,5.428714e-12,5.875616e-13,3.055025e-12,4.031179e-12,3.675731e-13,2.144050e-12,6.957364e-13,6.831351e-13,3.862966e-14,9.731214e-13,5.684121e-13,3.679984e-13,2.410067e-13,4.373698e-11,2.150539e-12,2.168303e-12,4.805582e-11,1.525139e-11,1.417501e-12,3.589333e-12,2.025823e-11,7.528942e-13,7.528942e-13,4.031179e-12,1.050880e-11,3.675731e-13,1.490755e-11,2.370585e-11,5.097520e-12,1.444226e-11,4.324563e-11,1.687805e-12,1.687805e-12,7.999520e-10,2.580818e-11,9.730457e-11,4.311292e-11,5.875616e-13,7.624275e-09,8.591041e-09,,,,
2020-09-06,4.650000e+01,-1.145000e+02,2.971251e-09,1.348607e-10,1.601337e-10,9.585896e-11,3.614170e-10,2.837925e-08,5.314426e-11,4.994748e-13,7.598546e-12,3.321411e-11,1.622191e-11,2.886095e-12,6.268990e-12,2.768546e-11,1.333181e-11,8.053696e-12,6.065747e-11,2.776468e-11,1.893364e-11,2.016380e-11,2.288398e-12,1.134724e-11,1.497295e-11,1.365272e-12,7.963616e-12,2.584164e-12,2.656636e-12,1.496900e-13,3.614451e-12,2.111245e-12,1.441327e-12,8.951678e-13,1.626230e-10,8.062191e-12,8.053696e-12,1.787389e-10,5.739963e-11,5.390490e-12,1.333181e-11,7.612193e-11,2.886095e-12,2.886095e-12,1.497295e-11,3.903269e-11,1.365272e-12,5.537091e-11,8.842215e-11,1.893364e-11,5.364373e-11,1.609995e-10,6.268990e-12,6.268990e-12,2.971251e-09,9.585896e-11,3.614170e-10,1.601337e-10,2.288398e-12,2.837925e-08,3.197020e-08,,,,
2020-09-06,4.670000e+01,-1.137000e+02,1.546574e-08,7.019672e-10,8.335164e-10,4.989582e-10,1.881222e-09,1.465555e-07,2.766227e-10,2.579377e-12,3.959242e-11,1.728837e-10,8.395936e-11,1.505788e-11,3.263089e-11,1.441064e-10,6.939377e-11,4.192052e-11,3.157299e-10,1.435954e-10,9.855204e-11,1.049551e-10,1.187493e-11,5.906382e-11,7.793612e-11,7.106414e-12,4.145164e-11,1.345090e-11,1.370065e-11,7.774220e-13,1.881368e-11,1.098930e-11,7.482633e-12,4.659463e-12,8.465148e-10,4.194508e-11,4.192052e-11,9.303804e-10,2.982947e-10,2.792898e-11,6.939377e-11,3.956174e-10,1.505788e-11,1.505788e-11,7.793612e-11,2.031702e-10,7.106414e-12,2.882127e-10,4.593254e-10,9.855204e-11,2.792021e-10,8.370795e-10,3.263089e-11,3.263089e-11,1.546574e-08,4.989582e-10,1.881222e-09,8.335164e-10,1.187493e-11,1.465555e-07,1.652468e-07,,,,
2020-09-06,4.670000e+01,-1.207000e+02,5.333014e-10,1.901882e-11,3.079494e-11,1.843442e-11,4.170196e-11,8.894989e-09,1.294540e-11,1.565518e-13,7.998470e-13,7.238972e-12,3.069010e-12,2.091373e-13,1.607433e-13,4.259301e-12,2.734730e-12,1.135778e-12,6.221279e-12,4.338231e-12,4.126563e-12,2.843612e-12,,1.600251e-12,2.495491e-12,1.225244e-13,1.429367e-12,5.300849e-13,7.969909e-13,5.070143e-14,2.316956e-13,1.353362e-13,6.439972e-13,1.721477e-13,2.266227e-11,1.183177e-12,1.135778e-12,2.498123e-11,1.173735e-11,1.377777e-12,2.734730e-12,1.584986e-11,2.091373e-13,2.091373e-13,2.495491e-12,5.859552e-12,1.225244e-13,8.477568e-12,1.055951e-11,4.126563e-12,1.310195e-11,2.778802e-11,1.607433e-13,1.607433e-13,5.333014e-10,1.843442e-11,4.170196e-11,3.079494e-11,,8.894989e-09,3.226836e+02,2.514889e+02,7.119466e+01,2.514889e+02,7.119466e+01
2020-09-06,4.670000e+01,-1.209000e+02,3.428366e-10,1.210288e-11,1.847696e-11,1.228961e-11,2.780130e-11,5.506422e-09,8.176039e-12,9.691302e-14,3.999235e-13,4.684041e-12,1.972935e-12,1.673098e-13,8.037166e-14,2.839534e-12,1.880127e-12,7.227676e-13,3.888299e-12,3.036762e-12,2.670129e-12,1.809572e-12,,1.018342e-12,1.535687e-12,8.751742e-14,9.188787e-13,3.644333e-13,4.933754e-13,3.138660e-14,1.390174e-13,8.120172e-14,3.986649e-13,1.147651e-13,1.431238e-11,7.336490e-13,7.227676e-13,1.576879e-11,7.575855e-12,8.891953e-13,1.880127e-12,1.034518e-11,1.673098e-13,1.673098e-13,1.535687e-12,3.857876e-12,8.751742e-14,5.481080e-12,6.925061e-12,2.670129e-12,8.272952e-12,1.786814e-11,8.037166e-14,8.037166e-14,3.428366e-10,1.228961e-11,2.780130e-11,1.847696e-11,,5.506422e-09,4.977132e+02,3.499953e+02,1.477179e+02,3.499953e+02,1.477179e+02
2020-09-06,4.690000e+01,-1.209000e+02,2.666507e-09,9.682306e-11,1.478157e-10,9.217208e-11,2.131433e-10,4.320423e-08,6.336431e-11,7.603944e-13,3.799273e-12,3.619486e-11,1.468741e-11,1.129341e-12,6.429733e-13,2.023168e-11,1.384457e-11,5.782141e-12,3.032874e-11,2.169115e-11,2.087556e-11,1.395955e-11,6.184858e-14,7.710302e-12,1.209354e-11,6.476289e-13,6.942639e-12,2.650424e-12,3.871099e-12,2.462641e-13,1.112139e-12,6.496138e-13,3.127986e-12,8.492618e-13,1.145819e-10,5.739000e-12,5.782141e-12,1.261030e-10,5.782490e-11,6.767787e-12,1.384457e-11,7.843726e-11,1.129341e-12,1.129341e-12,1.209354e-11,2.794198e-11,6.476289e-13,4.068314e-11,5.201989e-11,2.087556e-11,6.412471e-11,1.370201e-10,6.429733e-13,6.429733e-13,2.666507e-09,9.217208e-11,2.131433e-10,1.478157e-10,6.184858e-14,4.320423e-08,4.948575e+02,3.473593e+02,1.474982e+02,3.473593e+02,1.474982e+02
2020-09-06,4.770000e+01,-1.135000e+02,2.018927e-09,9.163611e-11,1.088088e-10,6.513494e-11,2.455782e-10,1.906069e-08,3.611084e-11,3.354681e-13,5.199005e-12,2.256856e-11,1.096075e-11,1.965891e-12,4.259698e-12,1.881191e-11,9.058792e-12,5.472382e-12,4.121598e-11,1.865439e-11,1.286517e-11,1.370104e-11,1.546215e-12,7.710302e-12,1.017393e-11,9.276846e-13,5.411175e-12,1.755906e-12,1.783742e-12,1.014029e-13,2.455973e-12,1.434564e-12,9.813290e-13,6.082550e-13,1.105362e-10,5.480121e-12,5.472382e-12,1.214887e-10,3.894048e-11,3.641051e-12,9.058792e-12,5.164032e-11,1.965891e-12,1.965891e-12,1.017393e-11,2.652221e-11,9.276846e-13,3.762382e-11,5.987037e-11,1.286517e-11,3.644631e-11,1.091819e-10,4.259698e-12,4.259698e-12,2.018927e-09,6.513494e-11,2.455782e-10,1.088088e-10,1.546215e-12,1.906069e-08,2.499561e+02,1.817828e+02,6.817329e+01,1.817828e+02,6.817329e+01
2020-09-06,4.810000e+01,-1.131000e+02,3.378845e-08,1.533608e-09,1.821008e-09,1.090088e-09,4.109959e-09,3.197960e-07,6.043456e-10,5.628410e-12,8.638347e-11,3.777040e-10,1.834830e-10,3.287638e-11,7.128966e-11,3.148334e-10,1.516066e-10,9.158496e-11,6.897843e-10,3.132203e-10,2.153095e-10,2.292986e-10,2.594548e-11,1.290385e-10,1.702693e-10,1.552559e-11,9.056060e-11,2.938658e-11,2.990614e-11,1.694876e-12,4.110280e-11,2.400864e-11,1.631459e-11,1.017966e-11,1.849290e-09,9.160570e-11,9.158496e-11,2.032481e-09,6.517476e-10,6.098759e-11,1.516066e-10,8.643418e-10,3.287638e-11,3.287638e-11,1.702693e-10,4.438718e-10,1.552559e-11,6.296667e-10,1.003005e-09,2.153095e-10,6.099740e-10,1.828288e-09,7.128966e-11,7.128966e-11,3.378845e-08,1.090088e-09,4.109959e-09,1.821008e-09,2.594548e-11,3.197960e-07,2.295144e+03,1.691693e+03,6.034517e+02,1.691693e+03,6.034517e+02
